{"cameraMode":{"drawMode":0,"name":"Shaded","section":"Shading Mode"},"sceneLighting":false,"audioPlay":false,"sceneViewState":{"showFog":true,"showMaterialUpdate":false,"showSkybox":false,"showFlares":true,"showImageEffects":true,"showParticleSystems":true},"in2DMode":false,"pivot":{"x":-0.5400000214576721,"y":0.0,"z":6.210000038146973},"rotation":{"x":-0.726356029510498,"y":-0.01689772494137287,"z":0.017855573445558549,"w":-0.6868996620178223},"size":1.0330126285552979,"orthographic":false}